,name,value,id,size,genres
0,United States,19495,USA,19495,"[{'title': 'Rock', 'value': 470.0}, {'title': 'Blues', 'value': 377.0}, {'title': 'Hip Hop', 'value': 316.0}, {'title': 'Pop', 'value': 305.0}, {'title': 'Alternative Rock', 'value': 299.0}, {'title': 'Country', 'value': 296.0}, {'title': 'Indie Rock', 'value': 270.0}, {'title': 'R\\u0026B', 'value': 186.0}, {'title': 'Folk', 'value': 161.0}, {'title': 'Jazz', 'value': 137.0}]"
1,England,4162,GBR,4162,"[{'title': 'Rock', 'value': 158.0}, {'title': 'Pop', 'value': 145.0}, {'title': 'Alternative Rock', 'value': 69.0}, {'title': 'Progressive Rock', 'value': 64.0}, {'title': 'Electronic', 'value': 58.0}, {'title': 'Indie Rock', 'value': 56.0}, {'title': 'Folk', 'value': 54.0}, {'title': 'Hard Rock', 'value': 41.0}, {'title': 'New Wave', 'value': 37.0}, {'title': 'Indie Pop', 'value': 34.0}]"
2,Germany,3022,DEU,3022,"[{'title': 'Singer-Songwriter', 'value': 193.0}, {'title': 'Pop', 'value': 65.0}, {'title': 'Hip Hop', 'value': 54.0}, {'title': 'Electronic', 'value': 40.0}, {'title': 'Schlager', 'value': 38.0}, {'title': 'Chanson', 'value': 32.0}, {'title': 'Heavy Metal', 'value': 25.0}, {'title': 'Rock', 'value': 24.0}, {'title': 'Synthpop', 'value': 22.0}, {'title': 'Folk', 'value': 17.0}]"
3,Canada,1937,CAN,1937,"[{'title': 'Rock', 'value': 94.0}, {'title': 'Pop', 'value': 46.0}, {'title': 'Indie Rock', 'value': 42.0}, {'title': 'Folk', 'value': 39.0}, {'title': 'Blues', 'value': 27.0}, {'title': 'Alternative Rock', 'value': 26.0}, {'title': 'Singer-Songwriter', 'value': 22.0}, {'title': 'Hip Hop', 'value': 19.0}, {'title': 'Country', 'value': 17.0}, {'title': 'Indie Pop', 'value': 17.0}]"
4,Sweden,1519,SWE,1519,"[{'title': 'Pop', 'value': 31.0}, {'title': 'Indie Pop', 'value': 29.0}, {'title': 'Heavy Metal', 'value': 26.0}, {'title': 'Rock', 'value': 22.0}, {'title': 'Electronic', 'value': 19.0}, {'title': 'Death Metal', 'value': 15.0}, {'title': 'Black Metal', 'value': 12.0}, {'title': 'House', 'value': 10.0}, {'title': 'Indie Rock', 'value': 8.0}, {'title': 'Punk Rock', 'value': 8.0}]"
5,Italy,1482,ITA,1482,"[{'title': 'Pop', 'value': 55.0}, {'title': 'Italo Disco', 'value': 16.0}, {'title': 'Singer-Songwriter', 'value': 15.0}, {'title': 'Heavy Metal', 'value': 12.0}, {'title': 'Rock', 'value': 11.0}, {'title': 'Electronic', 'value': 9.0}, {'title': 'Progressive Rock', 'value': 9.0}, {'title': 'Eurodance', 'value': 8.0}, {'title': 'Hip Hop', 'value': 7.0}, {'title': 'Italian Folk', 'value': 7.0}]"
6,France,1308,FRA,1308,"[{'title': 'Chanson', 'value': 26.0}, {'title': 'Singer-Songwriter', 'value': 23.0}, {'title': 'Pop', 'value': 17.0}, {'title': 'Electronic', 'value': 17.0}, {'title': 'Hip Hop', 'value': 16.0}, {'title': 'Rock', 'value': 13.0}, {'title': 'Black Metal', 'value': 9.0}, {'title': 'Electro', 'value': 8.0}, {'title': 'Death Metal', 'value': 5.0}, {'title': 'Folk', 'value': 5.0}]"
7,Australia,1097,AUS,1097,"[{'title': 'Rock', 'value': 31.0}, {'title': 'Alternative Rock', 'value': 26.0}, {'title': 'Pop', 'value': 23.0}, {'title': 'Indie Rock', 'value': 12.0}, {'title': 'Deathcore', 'value': 11.0}, {'title': 'Death Metal', 'value': 8.0}, {'title': 'Electronic', 'value': 8.0}, {'title': 'Indie Pop', 'value': 6.0}, {'title': 'Hard Rock', 'value': 5.0}, {'title': 'Folk', 'value': 5.0}]"
8,Brazil,884,BRA,884,"[{'title': 'Singer-Songwriter', 'value': 197.0}, {'title': 'Brazilian', 'value': 57.0}, {'title': 'MPB', 'value': 35.0}, {'title': 'Pop Rock', 'value': 25.0}, {'title': 'Funk Melody', 'value': 23.0}, {'title': 'Sertanejo', 'value': 15.0}, {'title': 'Pop', 'value': 11.0}, {'title': 'Rock', 'value': 11.0}, {'title': 'Pagode', 'value': 10.0}, {'title': 'Axé', 'value': 9.0}]"
9,Finland,870,FIN,870,"[{'title': 'Hip Hop', 'value': 76.0}, {'title': 'Pop', 'value': 15.0}, {'title': 'Heavy Metal', 'value': 12.0}, {'title': 'Rock', 'value': 7.0}, {'title': 'Alternative Rock', 'value': 7.0}, {'title': 'Melodic Death Metal', 'value': 6.0}, {'title': 'Gothic Metal', 'value': 6.0}, {'title': 'Black Metal', 'value': 5.0}, {'title': 'Power Metal', 'value': 4.0}, {'title': 'Death Metal', 'value': 4.0}]"
10,The Netherlands,865,NLD,865,"[{'title': 'Pop', 'value': 31.0}, {'title': 'Singer-Songwriter', 'value': 8.0}, {'title': 'Hip Hop', 'value': 8.0}, {'title': 'Symphonic Metal', 'value': 7.0}, {'title': 'Electronic', 'value': 7.0}, {'title': 'Trance', 'value': 7.0}, {'title': 'Progressive Rock', 'value': 6.0}, {'title': 'Jazz', 'value': 5.0}, {'title': 'Punk Rock', 'value': 4.0}, {'title': 'Indie Rock', 'value': 4.0}]"
11,Spain,841,ESP,841,"[{'title': 'Rock', 'value': 17.0}, {'title': 'Pop', 'value': 15.0}, {'title': 'Hip Hop', 'value': 10.0}, {'title': 'Punk Rock', 'value': 7.0}, {'title': 'Flamenco', 'value': 7.0}, {'title': 'Heavy Metal', 'value': 7.0}, {'title': 'Hard Rock', 'value': 5.0}, {'title': 'Folk', 'value': 5.0}, {'title': 'Latin', 'value': 4.0}, {'title': 'Singer-Songwriter', 'value': 3.0}]"
12,Japan,710,JPN,710,"[{'title': 'J-Pop', 'value': 61.0}, {'title': 'J-Rock', 'value': 19.0}, {'title': 'Rock', 'value': 14.0}, {'title': 'Alternative Rock', 'value': 10.0}, {'title': 'Heavy Metal', 'value': 6.0}, {'title': 'Pop', 'value': 5.0}, {'title': 'Techno', 'value': 3.0}, {'title': 'Jazz', 'value': 3.0}, {'title': 'Gothic Rock', 'value': 3.0}, {'title': 'Punk Rock', 'value': 2.0}]"
13,Mexico,611,MEX,611,"[{'title': 'Pop', 'value': 16.0}, {'title': 'Rock', 'value': 10.0}, {'title': 'Latin Pop', 'value': 9.0}, {'title': 'Latin', 'value': 6.0}, {'title': 'Alternative Rock', 'value': 5.0}, {'title': ""Children's Music"", 'value': 5.0}, {'title': 'Norteño', 'value': 5.0}, {'title': 'Banda', 'value': 4.0}, {'title': 'Aggrotech', 'value': 4.0}, {'title': 'Soundtrack', 'value': 3.0}]"
14,Poland,559,POL,559,"[{'title': 'Hip Hop', 'value': 15.0}, {'title': 'Pop', 'value': 13.0}, {'title': 'Rock', 'value': 11.0}, {'title': 'Heavy Metal', 'value': 7.0}, {'title': 'Gothic Metal', 'value': 7.0}, {'title': 'Black Metal', 'value': 6.0}, {'title': 'Progressive Rock', 'value': 4.0}, {'title': 'Synthpop', 'value': 4.0}, {'title': 'Death Metal', 'value': 4.0}, {'title': 'House', 'value': 2.0}]"
15,Norway,537,NOR,537,"[{'title': 'Pop', 'value': 17.0}, {'title': 'Black Metal', 'value': 15.0}, {'title': 'Rock', 'value': 9.0}, {'title': 'Folk', 'value': 7.0}, {'title': 'Heavy Metal', 'value': 6.0}, {'title': 'Gothic Metal', 'value': 5.0}, {'title': 'Progressive Metal', 'value': 5.0}, {'title': 'Electronic', 'value': 5.0}, {'title': 'Avant-garde Metal', 'value': 4.0}, {'title': 'Synthpop', 'value': 4.0}]"
16,Argentina,442,ARG,442,"[{'title': 'Rock', 'value': 21.0}, {'title': 'Reggae', 'value': 7.0}, {'title': 'Hard Rock', 'value': 4.0}, {'title': 'Latin Rock', 'value': 4.0}, {'title': 'Punk Rock', 'value': 3.0}, {'title': 'Singer-Songwriter', 'value': 3.0}, {'title': 'Heavy Metal', 'value': 3.0}, {'title': 'Ska', 'value': 2.0}, {'title': 'Hardcore Punk', 'value': 2.0}, {'title': 'Pop', 'value': 2.0}]"
17,Belgium,373,BEL,373,"[{'title': 'Pop', 'value': 11.0}, {'title': 'EBM', 'value': 4.0}, {'title': 'Singer-Songwriter', 'value': 4.0}, {'title': 'Alternative Rock', 'value': 4.0}, {'title': 'Industrial', 'value': 3.0}, {'title': 'Folk', 'value': 3.0}, {'title': 'House', 'value': 3.0}, {'title': 'Rock', 'value': 2.0}, {'title': 'Eurodance', 'value': 2.0}, {'title': 'Hip Hop', 'value': 2.0}]"
18,Denmark,364,DNK,364,"[{'title': 'Pop', 'value': 15.0}, {'title': 'Rock', 'value': 12.0}, {'title': 'Indie Pop', 'value': 5.0}, {'title': 'Hip Hop', 'value': 5.0}, {'title': 'Electronic', 'value': 4.0}, {'title': 'Black Metal', 'value': 4.0}, {'title': 'Heavy Metal', 'value': 3.0}, {'title': 'Alternative Rock', 'value': 2.0}, {'title': 'Industrial', 'value': 2.0}, {'title': 'EDM', 'value': 2.0}]"
19,Scotland,354,GBR,354,"[{'title': 'Folk', 'value': 16.0}, {'title': 'Rock', 'value': 14.0}, {'title': 'Pop', 'value': 13.0}, {'title': 'Alternative Rock', 'value': 12.0}, {'title': 'Indie Rock', 'value': 6.0}, {'title': 'Singer-Songwriter', 'value': 5.0}, {'title': 'New Wave', 'value': 5.0}, {'title': 'Celtic', 'value': 4.0}, {'title': 'Folk Rock', 'value': 4.0}, {'title': 'Indie Pop', 'value': 4.0}]"
20,Russia,301,RUS,301,"[{'title': 'Hip Hop', 'value': 6.0}, {'title': 'Pop', 'value': 4.0}, {'title': 'Rock', 'value': 3.0}, {'title': 'Electronic', 'value': 3.0}, {'title': 'Black Metal', 'value': 2.0}, {'title': 'Pagan Metal', 'value': 2.0}, {'title': 'Country', 'value': 2.0}, {'title': 'Chanson', 'value': 2.0}, {'title': 'Neofolk', 'value': 2.0}, {'title': 'Death Metal', 'value': 1.0}]"
21,Turkey,297,TUR,297,"[{'title': 'Pop', 'value': 5.0}, {'title': 'Folk', 'value': 4.0}, {'title': 'Singer-Songwriter', 'value': 2.0}, {'title': 'Death Metal', 'value': 2.0}, {'title': 'Gothic Metal', 'value': 2.0}, {'title': 'Thrash Metal', 'value': 2.0}, {'title': 'Progressive Metal', 'value': 1.0}, {'title': 'Crossover Thrash', 'value': 1.0}, {'title': 'Blues', 'value': 1.0}, {'title': 'Symphonic Metal', 'value': 1.0}]"
22,Austria,290,AUT,290,"[{'title': 'Singer-Songwriter', 'value': 20.0}, {'title': 'Chanson', 'value': 9.0}, {'title': 'Schlager', 'value': 7.0}, {'title': 'Rock', 'value': 5.0}, {'title': 'Electronic', 'value': 4.0}, {'title': 'Black Metal', 'value': 4.0}, {'title': 'Deep House', 'value': 3.0}, {'title': 'Acoustic', 'value': 3.0}, {'title': 'Heavy Metal', 'value': 3.0}, {'title': 'Drum And Bass', 'value': 2.0}]"
23,Ireland,284,IRL,284,"[{'title': 'Celtic', 'value': 13.0}, {'title': 'Pop', 'value': 13.0}, {'title': 'Rock', 'value': 7.0}, {'title': 'Folk', 'value': 7.0}, {'title': 'Alternative Rock', 'value': 5.0}, {'title': 'Blues Rock', 'value': 3.0}, {'title': 'Art Rock', 'value': 3.0}, {'title': 'Indie Rock', 'value': 3.0}, {'title': 'Black Metal', 'value': 2.0}, {'title': 'Irish Folk', 'value': 2.0}]"
24,Portugal,233,PRT,233,"[{'title': 'Singer-Songwriter', 'value': 12.0}, {'title': 'Pop', 'value': 9.0}, {'title': 'Rock', 'value': 7.0}, {'title': 'Alternative Rock', 'value': 5.0}, {'title': 'Pop Rock', 'value': 3.0}, {'title': 'Hip Hop', 'value': 3.0}, {'title': 'Fado', 'value': 1.0}, {'title': 'Electronic', 'value': 1.0}, {'title': 'Black Metal', 'value': 1.0}, {'title': 'Punk Rock', 'value': 1.0}]"
25,Switzerland,209,CHE,209,"[{'title': 'Singer-Songwriter', 'value': 11.0}, {'title': 'Pop', 'value': 7.0}, {'title': 'Electronic', 'value': 4.0}, {'title': 'Heavy Metal', 'value': 4.0}, {'title': 'Hip Hop', 'value': 3.0}, {'title': 'Hard Rock', 'value': 3.0}, {'title': 'Rock', 'value': 3.0}, {'title': 'Chanson', 'value': 3.0}, {'title': 'New Wave', 'value': 2.0}, {'title': 'Britpop', 'value': 2.0}]"
26,New Zealand,197,NZL,197,"[{'title': 'Rock', 'value': 7.0}, {'title': 'Pop', 'value': 6.0}, {'title': 'Christian Rock', 'value': 5.0}, {'title': 'Indie Rock', 'value': 4.0}, {'title': 'Hip Hop', 'value': 2.0}, {'title': 'Hard Rock', 'value': 2.0}, {'title': 'Indie Pop', 'value': 1.0}, {'title': 'Glam Rock', 'value': 1.0}, {'title': 'Metalcore', 'value': 1.0}, {'title': 'Funk Metal', 'value': 1.0}]"
27,India,192,IND,192,"[{'title': 'Pop', 'value': 4.0}, {'title': 'Jazz Fusion', 'value': 2.0}, {'title': 'Rock', 'value': 1.0}, {'title': 'Singer-Songwriter', 'value': 1.0}, {'title': 'Blues', 'value': 1.0}, {'title': 'Alternative Rock', 'value': 1.0}, {'title': 'Hindustani Classical', 'value': 1.0}, {'title': 'Progressive Metal', 'value': 1.0}, {'title': 'Soundtrack', 'value': 1.0}, {'title': 'Bhangra', 'value': 1.0}]"
28,Jamaica,189,JAM,189,"[{'title': 'Reggae', 'value': 24.0}, {'title': 'Dancehall', 'value': 3.0}, {'title': 'Soul', 'value': 2.0}, {'title': 'Ska', 'value': 1.0}, {'title': 'Funk', 'value': 1.0}, {'title': 'Pop', 'value': 1.0}, {'title': 'Pop Rock', 'value': 1.0}, {'title': 'Singer-Songwriter', 'value': 1.0}, {'title': 'New Age', 'value': 1.0}, {'title': 'Neue Deutsche Härte', 'value': 0.0}]"
29,Multinational,183,29,183,"[{'title': 'Pop', 'value': 16.0}, {'title': 'Rock', 'value': 14.0}, {'title': 'Electronic', 'value': 5.0}, {'title': 'Singer-Songwriter', 'value': 3.0}, {'title': 'Blues', 'value': 3.0}, {'title': 'House', 'value': 3.0}, {'title': 'Classical', 'value': 2.0}, {'title': 'Hard Rock', 'value': 2.0}, {'title': 'Art Rock', 'value': 2.0}, {'title': 'Heavy Metal', 'value': 2.0}]"
30,Chile,173,CHL,173,"[{'title': 'Latin', 'value': 3.0}, {'title': 'Pop', 'value': 2.0}, {'title': 'Singer-Songwriter', 'value': 2.0}, {'title': 'Folk', 'value': 2.0}, {'title': 'Rock', 'value': 1.0}, {'title': 'Electronic', 'value': 1.0}, {'title': 'Speed Metal', 'value': 1.0}, {'title': 'Andean Music', 'value': 1.0}, {'title': 'Bolero', 'value': 1.0}, {'title': 'Alternative Rock', 'value': 1.0}]"
31,United Kingdom,165,GBR,165,"[{'title': 'Rock', 'value': 6.0}, {'title': 'Glam Rock', 'value': 2.0}, {'title': 'Indie Pop', 'value': 2.0}, {'title': 'Disco', 'value': 2.0}, {'title': 'Gothic Rock', 'value': 1.0}, {'title': ""Rock 'N' Roll\u200e"", 'value': 1.0}, {'title': 'Dubstep', 'value': 1.0}, {'title': 'Breakcore', 'value': 1.0}, {'title': 'Pop Rock', 'value': 1.0}, {'title': 'Dance', 'value': 1.0}]"
32,Philippines,160,PHL,160,"[{'title': 'Pop', 'value': 7.0}, {'title': 'Rock', 'value': 2.0}, {'title': 'Hip Hop', 'value': 1.0}, {'title': 'Contemporary Christian', 'value': 1.0}, {'title': 'Singer-Songwriter', 'value': 1.0}, {'title': 'Nintendocore', 'value': 0.0}, {'title': 'Nu-Disco', 'value': 0.0}, {'title': 'Nu Metal', 'value': 0.0}, {'title': 'Nu Jazz', 'value': 0.0}, {'title': 'Novelty', 'value': 0.0}]"
33,Puerto Rico,155,PRI,155,"[{'title': 'Reggaeton', 'value': 9.0}, {'title': 'Hip Hop', 'value': 4.0}, {'title': 'Salsa', 'value': 4.0}, {'title': 'Singer-Songwriter', 'value': 4.0}, {'title': 'Latin Pop', 'value': 2.0}, {'title': 'Latin', 'value': 1.0}, {'title': 'Pop', 'value': 1.0}, {'title': 'Contemporary Christian', 'value': 1.0}, {'title': 'R\\u0026B', 'value': 1.0}, {'title': 'Doom Metal', 'value': 1.0}]"
34,Czech Republic,154,CZE,154,"[{'title': 'Hip Hop', 'value': 3.0}, {'title': 'Black Metal', 'value': 2.0}, {'title': 'Thrash Metal', 'value': 2.0}, {'title': 'Power Metal', 'value': 1.0}, {'title': 'Singer-Songwriter', 'value': 1.0}, {'title': 'Medieval', 'value': 1.0}, {'title': 'Funk', 'value': 1.0}, {'title': 'Doom Metal', 'value': 1.0}, {'title': 'Pop Rock', 'value': 1.0}, {'title': 'Alternative Rock', 'value': 1.0}]"
35,South Africa,146,ZAF,146,"[{'title': 'World Music', 'value': 5.0}, {'title': 'Rock', 'value': 4.0}, {'title': 'Christian Rock', 'value': 4.0}, {'title': 'Hip Hop', 'value': 2.0}, {'title': 'Pop', 'value': 2.0}, {'title': 'Alternative Rock', 'value': 2.0}, {'title': 'Pop Rock', 'value': 1.0}, {'title': 'Groove Metal', 'value': 1.0}, {'title': 'R\\u0026B', 'value': 1.0}, {'title': 'Gothic Rock', 'value': 1.0}]"
36,Hungary,140,HUN,140,"[{'title': 'Alternative Rock', 'value': 3.0}, {'title': 'Rock', 'value': 2.0}, {'title': 'Progressive Metal', 'value': 2.0}, {'title': 'Hard Rock', 'value': 1.0}, {'title': 'Punk Rock', 'value': 1.0}, {'title': 'Electropop', 'value': 1.0}, {'title': 'Jazz', 'value': 1.0}, {'title': 'Psychedelic Rock', 'value': 1.0}, {'title': 'Black Metal', 'value': 1.0}, {'title': 'Gothic Metal', 'value': 1.0}]"
37,Wales,123,GBR,123,"[{'title': 'Alternative Rock', 'value': 5.0}, {'title': 'Rock', 'value': 5.0}, {'title': 'Indie Pop', 'value': 4.0}, {'title': 'Post-Hardcore', 'value': 3.0}, {'title': 'Pop', 'value': 3.0}, {'title': 'Heavy Metal', 'value': 2.0}, {'title': 'Hard Rock', 'value': 2.0}, {'title': 'Christian Rock', 'value': 1.0}, {'title': 'New Wave', 'value': 1.0}, {'title': 'Anarcho-Punk', 'value': 1.0}]"
38,Greece,123,GRC,123,"[{'title': 'Black Metal', 'value': 4.0}, {'title': 'EBM', 'value': 2.0}, {'title': 'Neofolk', 'value': 2.0}, {'title': 'Hip Hop', 'value': 2.0}, {'title': 'Pop Rock', 'value': 1.0}, {'title': 'Rock', 'value': 1.0}, {'title': 'Electro', 'value': 1.0}, {'title': 'Electronic', 'value': 1.0}, {'title': 'Melodic Death Metal', 'value': 1.0}, {'title': 'Speed Metal', 'value': 1.0}]"
39,Romania,119,ROU,119,"[{'title': 'Pop', 'value': 6.0}, {'title': 'Hip Hop', 'value': 4.0}, {'title': 'Heavy Metal', 'value': 2.0}, {'title': 'Dance', 'value': 2.0}, {'title': 'Death Metal', 'value': 2.0}, {'title': 'Alternative Rock', 'value': 2.0}, {'title': 'Trance', 'value': 1.0}, {'title': 'Indie Rock', 'value': 1.0}, {'title': 'Progressive Rock', 'value': 1.0}, {'title': 'Blues Rock', 'value': 1.0}]"
40,Colombia,118,COL,118,"[{'title': 'Rock', 'value': 2.0}, {'title': 'Death Metal', 'value': 2.0}, {'title': 'Classical', 'value': 1.0}, {'title': 'Heavy Metal', 'value': 1.0}, {'title': 'Electronic', 'value': 1.0}, {'title': 'Pop', 'value': 1.0}, {'title': 'Ballad', 'value': 1.0}, {'title': 'Alternative Rock', 'value': 1.0}, {'title': 'Latin Pop', 'value': 1.0}, {'title': 'Neoclassical', 'value': 0.0}]"
41,South Korea,114,41,114,"[{'title': 'K-Pop', 'value': 11.0}, {'title': 'Pop', 'value': 4.0}, {'title': 'J-Pop', 'value': 3.0}, {'title': 'Hip Hop', 'value': 2.0}, {'title': 'Christian Rock', 'value': 1.0}, {'title': 'Dance', 'value': 1.0}, {'title': 'Indie Pop', 'value': 1.0}, {'title': 'Norteño\u200e', 'value': 0.0}, {'title': 'Noise', 'value': 0.0}, {'title': 'Noise Pop', 'value': 0.0}]"
42,Indonesia,105,IDN,105,"[{'title': 'Pop', 'value': 4.0}, {'title': 'Rock', 'value': 1.0}, {'title': 'World Music', 'value': 1.0}, {'title': 'Hip Hop', 'value': 1.0}, {'title': 'Avant-garde Metal', 'value': 1.0}, {'title': 'Death Metal', 'value': 1.0}, {'title': 'Nu Jazz', 'value': 1.0}, {'title': 'Alternative Rock', 'value': 1.0}, {'title': 'Pop Rock', 'value': 1.0}, {'title': 'Christian', 'value': 1.0}]"
43,Israel,104,ISR,104,"[{'title': 'Pop', 'value': 7.0}, {'title': 'Folk', 'value': 3.0}, {'title': 'Progressive Rock', 'value': 2.0}, {'title': 'Soundtrack', 'value': 1.0}, {'title': 'Electronica', 'value': 1.0}, {'title': 'Psychedelic Trance', 'value': 1.0}, {'title': 'Dubstep', 'value': 1.0}, {'title': 'Synthpop', 'value': 1.0}, {'title': 'Singer-Songwriter', 'value': 1.0}, {'title': 'Black Metal', 'value': 1.0}]"
44,Serbia,103,SRB,103,"[{'title': 'Punk Rock', 'value': 2.0}, {'title': 'Progressive Rock', 'value': 1.0}, {'title': 'Power Metal', 'value': 1.0}, {'title': 'Hip Hop', 'value': 1.0}, {'title': 'Nu Metal', 'value': 1.0}, {'title': 'Rock', 'value': 1.0}, {'title': 'Heavy Metal', 'value': 1.0}, {'title': 'Folk', 'value': 1.0}, {'title': 'Schlager', 'value': 1.0}, {'title': 'Progressive Metal', 'value': 1.0}]"
45,Lithuania,89,LTU,89,"[{'title': 'Rock', 'value': 3.0}, {'title': 'Pop', 'value': 3.0}, {'title': 'Electronica', 'value': 2.0}, {'title': 'Death Metal', 'value': 1.0}, {'title': 'Gothic Rock', 'value': 1.0}, {'title': 'Art Rock', 'value': 1.0}, {'title': 'Sung Poetry', 'value': 1.0}, {'title': 'Electronic', 'value': 1.0}, {'title': 'Deep House', 'value': 1.0}, {'title': 'Nu Metal', 'value': 0.0}]"
46,Iceland,84,ISL,84,"[{'title': 'Indie Folk', 'value': 2.0}, {'title': 'Pop', 'value': 2.0}, {'title': 'Folk', 'value': 1.0}, {'title': 'Alternative Rock', 'value': 1.0}, {'title': 'Ballad', 'value': 1.0}, {'title': 'Reggae', 'value': 1.0}, {'title': 'Electronica', 'value': 1.0}, {'title': 'Dream Pop', 'value': 1.0}, {'title': 'Ambient', 'value': 1.0}, {'title': 'Anarcho-Punk', 'value': 1.0}]"
47,Croatia,76,HRV,76,"[{'title': 'Pop', 'value': 2.0}, {'title': 'Singer-Songwriter', 'value': 2.0}, {'title': 'Italo Disco', 'value': 1.0}, {'title': 'Rock', 'value': 1.0}, {'title': 'World Music', 'value': 1.0}, {'title': 'Technical Death Metal', 'value': 1.0}, {'title': 'Death Metal', 'value': 1.0}, {'title': 'Pop Punk', 'value': 1.0}, {'title': 'Noise Pop', 'value': 0.0}, {'title': 'Nintendocore', 'value': 0.0}]"
48,Northern Ireland,75,GBR,75,"[{'title': 'Pop', 'value': 3.0}, {'title': 'Blues', 'value': 3.0}, {'title': 'Indie Pop', 'value': 2.0}, {'title': 'Alternative Rock', 'value': 2.0}, {'title': 'Acoustic', 'value': 2.0}, {'title': 'Heavy Metal', 'value': 1.0}, {'title': 'Christian', 'value': 1.0}, {'title': 'Rock', 'value': 1.0}, {'title': 'Alternative Metal', 'value': 1.0}, {'title': 'Christian Rock', 'value': 1.0}]"
49,Venezuela,74,VEN,74,"[{'title': 'Black Metal', 'value': 1.0}, {'title': 'Ballad', 'value': 1.0}, {'title': 'Progressive Metal', 'value': 1.0}, {'title': 'Nu Metal', 'value': 1.0}, {'title': 'Salsa', 'value': 1.0}, {'title': 'Rock', 'value': 1.0}, {'title': 'Nintendocore', 'value': 0.0}, {'title': 'Nu-Disco', 'value': 0.0}, {'title': 'Nu Jazz', 'value': 0.0}, {'title': 'Novelty', 'value': 0.0}]"
50,Ukraine,66,UKR,66,"[{'title': 'Rock', 'value': 2.0}, {'title': 'Black Metal', 'value': 2.0}, {'title': 'Gothic Metal', 'value': 1.0}, {'title': 'Eurodance', 'value': 1.0}, {'title': 'Metalcore', 'value': 1.0}, {'title': 'Electronic', 'value': 1.0}, {'title': 'Noha', 'value': 0.0}, {'title': 'Nu-Disco', 'value': 0.0}, {'title': 'Nu Metal', 'value': 0.0}, {'title': 'Nu Jazz', 'value': 0.0}]"
51,Estonia,65,EST,65,"[{'title': 'Pop', 'value': 4.0}, {'title': 'Indie Rock', 'value': 1.0}, {'title': 'Pop Rock', 'value': 1.0}, {'title': 'Folk Rock', 'value': 1.0}, {'title': 'Alternative Rock', 'value': 1.0}, {'title': 'Folk', 'value': 1.0}, {'title': 'Death Metal', 'value': 1.0}, {'title': 'Nu Jazz', 'value': 0.0}, {'title': 'Nu Metal', 'value': 0.0}, {'title': 'Novelty', 'value': 0.0}]"
52,Slovakia,62,SVK,62,"[{'title': 'Pop', 'value': 1.0}, {'title': 'Progressive Metal', 'value': 1.0}, {'title': 'Chanson', 'value': 1.0}, {'title': '2-tone', 'value': 0.0}, {'title': 'Nu-Disco', 'value': 0.0}, {'title': 'Nu Metal', 'value': 0.0}, {'title': 'Nu Jazz', 'value': 0.0}, {'title': 'Novelty', 'value': 0.0}, {'title': 'Norteño\u200e', 'value': 0.0}, {'title': 'Norteño', 'value': 0.0}]"
53,Cuba,61,CUB,61,"[{'title': 'Latin', 'value': 3.0}, {'title': 'Pop', 'value': 3.0}, {'title': 'Trova', 'value': 2.0}, {'title': 'Latin Pop', 'value': 2.0}, {'title': 'Hip Hop', 'value': 1.0}, {'title': 'Son Cubano\u200e', 'value': 1.0}, {'title': 'Blues', 'value': 1.0}, {'title': 'Jazz', 'value': 1.0}, {'title': 'Noise Rock', 'value': 0.0}, {'title': 'Noise Pop', 'value': 0.0}]"
54,Malaysia,56,MYS,56,"[{'title': 'Hard Rock', 'value': 2.0}, {'title': 'Pop', 'value': 2.0}, {'title': 'Alternative Rock', 'value': 1.0}, {'title': 'Worship', 'value': 1.0}, {'title': 'Punk Rock', 'value': 1.0}, {'title': 'Noise Pop', 'value': 0.0}, {'title': 'Nintendocore', 'value': 0.0}, {'title': 'Noha', 'value': 0.0}, {'title': 'Noise', 'value': 0.0}, {'title': 'Norteño', 'value': 0.0}]"
55,Uruguay,54,URY,54,"[{'title': 'Rock', 'value': 6.0}, {'title': 'Punk Rock', 'value': 3.0}, {'title': 'Hard Rock', 'value': 2.0}, {'title': 'Pop', 'value': 1.0}, {'title': 'Jazz', 'value': 1.0}, {'title': 'Candombe', 'value': 1.0}, {'title': 'Hip Hop', 'value': 1.0}, {'title': 'Nu Jazz', 'value': 0.0}, {'title': 'Novelty', 'value': 0.0}, {'title': 'Norteño\u200e', 'value': 0.0}]"
56,Peru,53,PER,53,"[{'title': 'Rock', 'value': 2.0}, {'title': 'Cumbia', 'value': 1.0}, {'title': 'Pop Rock', 'value': 1.0}, {'title': 'Latin', 'value': 1.0}, {'title': '2-tone', 'value': 0.0}, {'title': 'Noha', 'value': 0.0}, {'title': 'Nueva canción', 'value': 0.0}, {'title': 'Nu-Disco', 'value': 0.0}, {'title': 'Nu Metal', 'value': 0.0}, {'title': 'Nu Jazz', 'value': 0.0}]"
57,Dominican Republic,46,DOM,46,"[{'title': 'Latin Pop', 'value': 1.0}, {'title': 'Comedy', 'value': 1.0}, {'title': '2-tone', 'value': 0.0}, {'title': 'Old-time Music', 'value': 0.0}, {'title': 'Nueva canción', 'value': 0.0}, {'title': 'Nu-Disco', 'value': 0.0}, {'title': 'Nu Metal', 'value': 0.0}, {'title': 'Nu Jazz', 'value': 0.0}, {'title': 'Novelty', 'value': 0.0}, {'title': 'Norteño\u200e', 'value': 0.0}]"
58,Vietnam,42,VNM,42,"[{'title': 'Heavy Metal', 'value': 1.0}, {'title': '2-tone', 'value': 0.0}, {'title': 'New Wave', 'value': 0.0}, {'title': 'Nueva canción', 'value': 0.0}, {'title': 'Nu-Disco', 'value': 0.0}, {'title': 'Nu Metal', 'value': 0.0}, {'title': 'Nu Jazz', 'value': 0.0}, {'title': 'Novelty', 'value': 0.0}, {'title': 'Norteño\u200e', 'value': 0.0}, {'title': 'Norteño', 'value': 0.0}]"
59,Albania,37,ALB,37,"[{'title': 'R\\u0026B', 'value': 1.0}, {'title': '2-tone', 'value': 0.0}, {'title': 'Nintendocore', 'value': 0.0}, {'title': 'Nueva canción', 'value': 0.0}, {'title': 'Nu-Disco', 'value': 0.0}, {'title': 'Nu Metal', 'value': 0.0}, {'title': 'Nu Jazz', 'value': 0.0}, {'title': 'Novelty', 'value': 0.0}, {'title': 'Norteño\u200e', 'value': 0.0}, {'title': 'Norteño', 'value': 0.0}]"
60,Latvia,36,LVA,36,"[{'title': 'Rock', 'value': 2.0}, {'title': 'Ambient', 'value': 1.0}, {'title': 'Folk Metal', 'value': 1.0}, {'title': 'Electronic', 'value': 1.0}, {'title': 'Pop', 'value': 1.0}, {'title': 'Schlager', 'value': 1.0}, {'title': '2-tone', 'value': 0.0}, {'title': 'Nu Metal', 'value': 0.0}, {'title': 'Nu Jazz', 'value': 0.0}, {'title': 'Novelty', 'value': 0.0}]"
61,Slovenia,33,SVN,33,"[{'title': 'Pop', 'value': 1.0}, {'title': 'Industrial', 'value': 1.0}, {'title': 'Industrial Metal', 'value': 1.0}, {'title': '2-tone', 'value': 0.0}, {'title': 'Nueva canción', 'value': 0.0}, {'title': 'Nu-Disco', 'value': 0.0}, {'title': 'Nu Metal', 'value': 0.0}, {'title': 'Nu Jazz', 'value': 0.0}, {'title': 'Novelty', 'value': 0.0}, {'title': 'Norteño\u200e', 'value': 0.0}]"
62,Bosnia and Herzegovina,33,BIH,33,"[{'title': 'Pop', 'value': 2.0}, {'title': 'Rock', 'value': 2.0}, {'title': 'Power Metal', 'value': 1.0}, {'title': 'Rap Rock', 'value': 1.0}, {'title': '2-tone', 'value': 0.0}, {'title': 'Nintendocore', 'value': 0.0}, {'title': 'Nu-Disco', 'value': 0.0}, {'title': 'Nu Metal', 'value': 0.0}, {'title': 'Nu Jazz', 'value': 0.0}, {'title': 'Novelty', 'value': 0.0}]"
63,Singapore,33,SGP,33,"[{'title': 'Rock', 'value': 1.0}, {'title': 'Dance', 'value': 1.0}, {'title': 'Death Metal', 'value': 1.0}, {'title': 'Indie Rock', 'value': 1.0}, {'title': 'Pop', 'value': 1.0}, {'title': 'Nu-Disco', 'value': 0.0}, {'title': 'Nu Metal', 'value': 0.0}, {'title': 'Nueva canción', 'value': 0.0}, {'title': 'Noha', 'value': 0.0}, {'title': 'Novelty', 'value': 0.0}]"
64,Iran,32,IRN,32,"[{'title': 'Comedy', 'value': 1.0}, {'title': 'Pop Rock', 'value': 1.0}, {'title': 'New Wave', 'value': 1.0}, {'title': 'Rock', 'value': 1.0}, {'title': 'Persian', 'value': 1.0}, {'title': 'Persian Traditional', 'value': 1.0}, {'title': 'Country Rock', 'value': 1.0}, {'title': 'Pop', 'value': 1.0}, {'title': 'Pop Punk', 'value': 1.0}, {'title': 'Nasheed', 'value': 1.0}]"
65,Pakistan,29,PAK,29,"[{'title': 'Pop', 'value': 2.0}, {'title': 'Rock', 'value': 1.0}, {'title': 'Electronica', 'value': 1.0}, {'title': 'Soul', 'value': 1.0}, {'title': 'Classical', 'value': 1.0}, {'title': 'Nu-Disco', 'value': 0.0}, {'title': 'Nu Metal', 'value': 0.0}, {'title': 'Nu Jazz', 'value': 0.0}, {'title': 'Novelty', 'value': 0.0}, {'title': 'Norteño\u200e', 'value': 0.0}]"
66,Belarus,28,BLR,28,"[{'title': 'Black Metal', 'value': 1.0}, {'title': 'Thrash Metal', 'value': 1.0}, {'title': 'Pop Rock', 'value': 1.0}, {'title': 'New Rave', 'value': 0.0}, {'title': 'Nu-Disco', 'value': 0.0}, {'title': 'Nu Metal', 'value': 0.0}, {'title': 'Nu Jazz', 'value': 0.0}, {'title': 'Novelty', 'value': 0.0}, {'title': 'Norteño\u200e', 'value': 0.0}, {'title': 'Norteño', 'value': 0.0}]"
67,Panama,27,PAN,27,"[{'title': 'Salsa', 'value': 2.0}, {'title': 'Pop', 'value': 1.0}, {'title': 'Reggae', 'value': 1.0}, {'title': 'Heavy Metal', 'value': 1.0}, {'title': 'Big Band', 'value': 1.0}, {'title': 'New Wave', 'value': 0.0}, {'title': 'Nu Metal', 'value': 0.0}, {'title': 'Nu Jazz', 'value': 0.0}, {'title': 'Novelty', 'value': 0.0}, {'title': 'Norteño\u200e', 'value': 0.0}]"
68,Malta,25,MLT,25,[]
69,Bulgaria,23,BGR,23,"[{'title': 'Folk', 'value': 2.0}, {'title': 'Death Metal', 'value': 1.0}, {'title': '2-tone', 'value': 0.0}, {'title': 'New Wave', 'value': 0.0}, {'title': 'Nueva canción', 'value': 0.0}, {'title': 'Nu-Disco', 'value': 0.0}, {'title': 'Nu Metal', 'value': 0.0}, {'title': 'Nu Jazz', 'value': 0.0}, {'title': 'Novelty', 'value': 0.0}, {'title': 'Norteño\u200e', 'value': 0.0}]"
70,Costa Rica,21,CRI,21,"[{'title': 'Progressive Metal', 'value': 1.0}, {'title': '2-tone', 'value': 0.0}, {'title': 'New Wave', 'value': 0.0}, {'title': 'Nueva canción', 'value': 0.0}, {'title': 'Nu-Disco', 'value': 0.0}, {'title': 'Nu Metal', 'value': 0.0}, {'title': 'Nu Jazz', 'value': 0.0}, {'title': 'Novelty', 'value': 0.0}, {'title': 'Norteño\u200e', 'value': 0.0}, {'title': 'Norteño', 'value': 0.0}]"
71,Egypt,19,EGY,19,"[{'title': 'Singer-Songwriter', 'value': 2.0}, {'title': 'Chanson', 'value': 2.0}, {'title': 'Disco', 'value': 1.0}, {'title': 'Schlager', 'value': 1.0}, {'title': 'Pop', 'value': 1.0}, {'title': '2-tone', 'value': 0.0}, {'title': 'Nu Metal', 'value': 0.0}, {'title': 'Nu Jazz', 'value': 0.0}, {'title': 'Novelty', 'value': 0.0}, {'title': 'Norteño\u200e', 'value': 0.0}]"
72,Moldova,19,MDA,19,"[{'title': 'Eurodance', 'value': 1.0}, {'title': '2-tone', 'value': 0.0}, {'title': 'New Wave', 'value': 0.0}, {'title': 'Nueva canción', 'value': 0.0}, {'title': 'Nu-Disco', 'value': 0.0}, {'title': 'Nu Metal', 'value': 0.0}, {'title': 'Nu Jazz', 'value': 0.0}, {'title': 'Novelty', 'value': 0.0}, {'title': 'Norteño\u200e', 'value': 0.0}, {'title': 'Norteño', 'value': 0.0}]"
73,Trinidad and Tobago,18,TTO,18,"[{'title': 'Calypso', 'value': 3.0}, {'title': 'R\\u0026B', 'value': 2.0}, {'title': 'Pop', 'value': 1.0}, {'title': 'Contemporary Christian', 'value': 1.0}, {'title': 'Nintendocore', 'value': 0.0}, {'title': 'Nueva canción', 'value': 0.0}, {'title': 'Nu-Disco', 'value': 0.0}, {'title': 'Nu Metal', 'value': 0.0}, {'title': 'Nu Jazz', 'value': 0.0}, {'title': 'Novelty', 'value': 0.0}]"
74,Nigeria,17,NGA,17,"[{'title': 'Afrobeat', 'value': 2.0}, {'title': 'Hip Hop', 'value': 1.0}, {'title': 'Reggae Fusion', 'value': 1.0}, {'title': 'Blues', 'value': 1.0}, {'title': '2-tone', 'value': 0.0}, {'title': 'Norteño\u200e', 'value': 0.0}, {'title': 'Noise', 'value': 0.0}, {'title': 'Noise Pop', 'value': 0.0}, {'title': 'Noise Rock', 'value': 0.0}, {'title': 'Norteño', 'value': 0.0}]"
75,Ecuador,17,ECU,17,"[{'title': 'Latin', 'value': 1.0}, {'title': 'Rock', 'value': 1.0}, {'title': 'Nintendocore', 'value': 0.0}, {'title': 'Nueva canción', 'value': 0.0}, {'title': 'Nu-Disco', 'value': 0.0}, {'title': 'Nu Metal', 'value': 0.0}, {'title': 'Nu Jazz', 'value': 0.0}, {'title': 'Novelty', 'value': 0.0}, {'title': 'Norteño\u200e', 'value': 0.0}, {'title': 'Norteño', 'value': 0.0}]"
76,Bolivia,16,BOL,16,"[{'title': 'Alternative Rock', 'value': 1.0}, {'title': 'Black Metal', 'value': 1.0}, {'title': 'Rock', 'value': 1.0}, {'title': '2-tone', 'value': 0.0}, {'title': 'Nueva canción', 'value': 0.0}, {'title': 'Nu-Disco', 'value': 0.0}, {'title': 'Nu Metal', 'value': 0.0}, {'title': 'Nu Jazz', 'value': 0.0}, {'title': 'Novelty', 'value': 0.0}, {'title': 'Norteño\u200e', 'value': 0.0}]"
77,Lebanon,16,LBN,16,"[{'title': 'Pop', 'value': 1.0}, {'title': 'Blues', 'value': 1.0}, {'title': 'Italo Disco', 'value': 1.0}, {'title': 'Rock', 'value': 1.0}, {'title': 'Neo Soul', 'value': 0.0}, {'title': 'Nintendocore', 'value': 0.0}, {'title': 'Nueva canción', 'value': 0.0}, {'title': 'Nu-Disco', 'value': 0.0}, {'title': 'Nu Metal', 'value': 0.0}, {'title': 'Nu Jazz', 'value': 0.0}]"
78,Taiwan,15,TWN,15,"[{'title': 'Mandopop', 'value': 2.0}, {'title': 'Hip Hop', 'value': 1.0}, {'title': 'Power Metal', 'value': 1.0}, {'title': 'Rock', 'value': 1.0}, {'title': 'Trance', 'value': 1.0}, {'title': '2-tone', 'value': 0.0}, {'title': 'Nintendocore', 'value': 0.0}, {'title': 'Nu Metal', 'value': 0.0}, {'title': 'Nu Jazz', 'value': 0.0}, {'title': 'Novelty', 'value': 0.0}]"
79,Luxembourg,13,LUX,13,"[{'title': 'Dark Ambient', 'value': 1.0}, {'title': 'Symphonic Metal', 'value': 1.0}, {'title': 'Symphonic Black Metal', 'value': 1.0}, {'title': 'Musical', 'value': 0.0}, {'title': 'Nu-Disco', 'value': 0.0}, {'title': 'Nu Metal', 'value': 0.0}, {'title': 'Nu Jazz', 'value': 0.0}, {'title': 'Novelty', 'value': 0.0}, {'title': 'Norteño\u200e', 'value': 0.0}, {'title': 'Norteño', 'value': 0.0}]"
80,Morocco,13,MAR,13,"[{'title': 'Heavy Metal', 'value': 1.0}, {'title': 'Singer-Songwriter', 'value': 1.0}, {'title': '2-tone', 'value': 0.0}, {'title': 'New Rave', 'value': 0.0}, {'title': 'Nu-Disco', 'value': 0.0}, {'title': 'Nu Metal', 'value': 0.0}, {'title': 'Nu Jazz', 'value': 0.0}, {'title': 'Novelty', 'value': 0.0}, {'title': 'Norteño\u200e', 'value': 0.0}, {'title': 'Norteño', 'value': 0.0}]"
81,Faroe Islands,12,FRO,12,"[{'title': 'Folk Metal', 'value': 1.0}, {'title': 'Indie Rock', 'value': 1.0}, {'title': '2-tone', 'value': 0.0}, {'title': 'New Wave', 'value': 0.0}, {'title': 'Nueva canción', 'value': 0.0}, {'title': 'Nu-Disco', 'value': 0.0}, {'title': 'Nu Metal', 'value': 0.0}, {'title': 'Nu Jazz', 'value': 0.0}, {'title': 'Novelty', 'value': 0.0}, {'title': 'Norteño\u200e', 'value': 0.0}]"
82,Hong Kong,12,HKG,12,"[{'title': 'Cantopop', 'value': 1.0}, {'title': '2-tone', 'value': 0.0}, {'title': 'New Wave', 'value': 0.0}, {'title': 'Nueva canción', 'value': 0.0}, {'title': 'Nu-Disco', 'value': 0.0}, {'title': 'Nu Metal', 'value': 0.0}, {'title': 'Nu Jazz', 'value': 0.0}, {'title': 'Novelty', 'value': 0.0}, {'title': 'Norteño\u200e', 'value': 0.0}, {'title': 'Norteño', 'value': 0.0}]"
83,China,11,CHN,11,"[{'title': 'Chanson', 'value': 1.0}, {'title': '2-tone', 'value': 0.0}, {'title': 'Nintendocore', 'value': 0.0}, {'title': 'Nueva canción', 'value': 0.0}, {'title': 'Nu-Disco', 'value': 0.0}, {'title': 'Nu Metal', 'value': 0.0}, {'title': 'Nu Jazz', 'value': 0.0}, {'title': 'Novelty', 'value': 0.0}, {'title': 'Norteño\u200e', 'value': 0.0}, {'title': 'Norteño', 'value': 0.0}]"
84,Thailand,11,THA,11,"[{'title': 'R\\u0026B', 'value': 1.0}, {'title': '2-tone', 'value': 0.0}, {'title': 'Nintendocore', 'value': 0.0}, {'title': 'Nueva canción', 'value': 0.0}, {'title': 'Nu-Disco', 'value': 0.0}, {'title': 'Nu Metal', 'value': 0.0}, {'title': 'Nu Jazz', 'value': 0.0}, {'title': 'Novelty', 'value': 0.0}, {'title': 'Norteño\u200e', 'value': 0.0}, {'title': 'Norteño', 'value': 0.0}]"
85,Barbados,10,BRB,10,"[{'title': 'Hip Hop', 'value': 2.0}, {'title': '2-tone', 'value': 0.0}, {'title': 'New Wave', 'value': 0.0}, {'title': 'Nueva canción', 'value': 0.0}, {'title': 'Nu-Disco', 'value': 0.0}, {'title': 'Nu Metal', 'value': 0.0}, {'title': 'Nu Jazz', 'value': 0.0}, {'title': 'Novelty', 'value': 0.0}, {'title': 'Norteño\u200e', 'value': 0.0}, {'title': 'Norteño', 'value': 0.0}]"
86,Guatemala,9,GTM,9,"[{'title': 'Latin Pop', 'value': 1.0}, {'title': 'Heavy Metal', 'value': 1.0}, {'title': '2-tone', 'value': 0.0}, {'title': 'Nintendocore', 'value': 0.0}, {'title': 'Nueva canción', 'value': 0.0}, {'title': 'Nu-Disco', 'value': 0.0}, {'title': 'Nu Metal', 'value': 0.0}, {'title': 'Nu Jazz', 'value': 0.0}, {'title': 'Novelty', 'value': 0.0}, {'title': 'Norteño\u200e', 'value': 0.0}]"
87,Algeria,8,DZA,8,[]
88,Azerbaijan,8,AZE,8,"[{'title': 'Pop', 'value': 2.0}, {'title': '2-tone', 'value': 0.0}, {'title': 'Nu-Disco', 'value': 0.0}, {'title': 'Nu Metal', 'value': 0.0}, {'title': 'Nu Jazz', 'value': 0.0}, {'title': 'Novelty', 'value': 0.0}, {'title': 'Norteño\u200e', 'value': 0.0}, {'title': 'Norteño', 'value': 0.0}, {'title': 'Noise Rock', 'value': 0.0}, {'title': 'Noise Pop', 'value': 0.0}]"
89,Mali,8,MLI,8,"[{'title': 'Rock', 'value': 1.0}, {'title': 'Folk', 'value': 1.0}, {'title': 'Pop', 'value': 1.0}, {'title': 'New Rave', 'value': 0.0}, {'title': 'Nu-Disco', 'value': 0.0}, {'title': 'Nu Metal', 'value': 0.0}, {'title': 'Nu Jazz', 'value': 0.0}, {'title': 'Novelty', 'value': 0.0}, {'title': 'Norteño\u200e', 'value': 0.0}, {'title': 'Norteño', 'value': 0.0}]"
90,Macedonia,8,MKD,8,"[{'title': 'Punk Rock', 'value': 2.0}, {'title': '2-tone', 'value': 0.0}, {'title': 'Nintendocore', 'value': 0.0}, {'title': 'Nueva canción', 'value': 0.0}, {'title': 'Nu-Disco', 'value': 0.0}, {'title': 'Nu Metal', 'value': 0.0}, {'title': 'Nu Jazz', 'value': 0.0}, {'title': 'Novelty', 'value': 0.0}, {'title': 'Norteño\u200e', 'value': 0.0}, {'title': 'Norteño', 'value': 0.0}]"
91,Senegal,8,SEN,8,"[{'title': 'World Music', 'value': 1.0}, {'title': 'Mbalax', 'value': 1.0}, {'title': '2-tone', 'value': 0.0}, {'title': 'Nintendocore', 'value': 0.0}, {'title': 'Nueva canción', 'value': 0.0}, {'title': 'Nu-Disco', 'value': 0.0}, {'title': 'Nu Metal', 'value': 0.0}, {'title': 'Nu Jazz', 'value': 0.0}, {'title': 'Novelty', 'value': 0.0}, {'title': 'Norteño\u200e', 'value': 0.0}]"
92,Paraguay,7,PRY,7,"[{'title': 'Reggae', 'value': 2.0}, {'title': 'Brazilian', 'value': 1.0}, {'title': '2-tone', 'value': 0.0}, {'title': 'Nintendocore', 'value': 0.0}, {'title': 'Nueva canción', 'value': 0.0}, {'title': 'Nu-Disco', 'value': 0.0}, {'title': 'Nu Metal', 'value': 0.0}, {'title': 'Nu Jazz', 'value': 0.0}, {'title': 'Novelty', 'value': 0.0}, {'title': 'Norteño\u200e', 'value': 0.0}]"
93,Cameroon,7,CMR,7,"[{'title': 'World Music', 'value': 1.0}, {'title': 'Singer-Songwriter', 'value': 1.0}, {'title': 'Funk', 'value': 1.0}, {'title': '2-tone', 'value': 0.0}, {'title': 'New Rave', 'value': 0.0}, {'title': 'Nu Metal', 'value': 0.0}, {'title': 'Nu Jazz', 'value': 0.0}, {'title': 'Novelty', 'value': 0.0}, {'title': 'Norteño\u200e', 'value': 0.0}, {'title': 'Norteño', 'value': 0.0}]"
94,Montenegro,7,MNE,7,"[{'title': 'Singer-Songwriter', 'value': 1.0}, {'title': '2-tone', 'value': 0.0}, {'title': 'New Wave', 'value': 0.0}, {'title': 'Nueva canción', 'value': 0.0}, {'title': 'Nu-Disco', 'value': 0.0}, {'title': 'Nu Metal', 'value': 0.0}, {'title': 'Nu Jazz', 'value': 0.0}, {'title': 'Novelty', 'value': 0.0}, {'title': 'Norteño\u200e', 'value': 0.0}, {'title': 'Norteño', 'value': 0.0}]"
95,Cyprus,7,CYP,7,"[{'title': 'Rock', 'value': 1.0}, {'title': 'Pop', 'value': 1.0}, {'title': 'Nueva canción', 'value': 0.0}, {'title': 'Nu-Disco', 'value': 0.0}, {'title': 'Nu Metal', 'value': 0.0}, {'title': 'Nu Jazz', 'value': 0.0}, {'title': 'Novelty', 'value': 0.0}, {'title': 'Norteño\u200e', 'value': 0.0}, {'title': 'Norteño', 'value': 0.0}, {'title': 'Noise Rock', 'value': 0.0}]"
96,Georgia,7,GEO,7,"[{'title': 'Alternative Rock', 'value': 1.0}, {'title': 'Acoustic', 'value': 1.0}, {'title': '2-tone', 'value': 0.0}, {'title': 'Oi-Punk', 'value': 0.0}, {'title': 'Nueva canción', 'value': 0.0}, {'title': 'Nu-Disco', 'value': 0.0}, {'title': 'Nu Metal', 'value': 0.0}, {'title': 'Nu Jazz', 'value': 0.0}, {'title': 'Novelty', 'value': 0.0}, {'title': 'Norteño\u200e', 'value': 0.0}]"
97,Guadeloupe,7,FRA,7,"[{'title': 'Zouk', 'value': 1.0}, {'title': 'Folk', 'value': 1.0}, {'title': 'New Rave', 'value': 0.0}, {'title': 'Nu-Disco', 'value': 0.0}, {'title': 'Nu Metal', 'value': 0.0}, {'title': 'Nu Jazz', 'value': 0.0}, {'title': 'Novelty', 'value': 0.0}, {'title': 'Norteño\u200e', 'value': 0.0}, {'title': 'Norteño', 'value': 0.0}, {'title': 'Noise Rock', 'value': 0.0}]"
98,Democratic Republic of the Congo,7,98,7,"[{'title': 'Hip Hop', 'value': 1.0}, {'title': '2-tone', 'value': 0.0}, {'title': 'New Wave', 'value': 0.0}, {'title': 'Nueva canción', 'value': 0.0}, {'title': 'Nu-Disco', 'value': 0.0}, {'title': 'Nu Metal', 'value': 0.0}, {'title': 'Nu Jazz', 'value': 0.0}, {'title': 'Novelty', 'value': 0.0}, {'title': 'Norteño\u200e', 'value': 0.0}, {'title': 'Norteño', 'value': 0.0}]"
99,Tunisia,7,TUN,7,"[{'title': 'Pop', 'value': 1.0}, {'title': '2-tone', 'value': 0.0}, {'title': 'Nu-Disco', 'value': 0.0}, {'title': 'Nu Metal', 'value': 0.0}, {'title': 'Nu Jazz', 'value': 0.0}, {'title': 'Novelty', 'value': 0.0}, {'title': 'Norteño\u200e', 'value': 0.0}, {'title': 'Norteño', 'value': 0.0}, {'title': 'Noise Rock', 'value': 0.0}, {'title': 'Noise Pop', 'value': 0.0}]"
100,Syria,6,SYR,6,"[{'title': 'Hardcore Punk', 'value': 1.0}, {'title': '2-tone', 'value': 0.0}, {'title': 'New Wave', 'value': 0.0}, {'title': 'Nueva canción', 'value': 0.0}, {'title': 'Nu-Disco', 'value': 0.0}, {'title': 'Nu Metal', 'value': 0.0}, {'title': 'Nu Jazz', 'value': 0.0}, {'title': 'Novelty', 'value': 0.0}, {'title': 'Norteño\u200e', 'value': 0.0}, {'title': 'Norteño', 'value': 0.0}]"
101,Isle of Man,6,IMN,6,"[{'title': 'Pop', 'value': 1.0}, {'title': 'Classical', 'value': 1.0}, {'title': 'Singer-Songwriter', 'value': 1.0}, {'title': 'New Wave', 'value': 0.0}, {'title': 'Nu-Disco', 'value': 0.0}, {'title': 'Nu Metal', 'value': 0.0}, {'title': 'Nu Jazz', 'value': 0.0}, {'title': 'Novelty', 'value': 0.0}, {'title': 'Norteño\u200e', 'value': 0.0}, {'title': 'Norteño', 'value': 0.0}]"
102,Tanzania,6,TZA,6,"[{'title': 'Rock', 'value': 1.0}, {'title': 'Gospel', 'value': 1.0}, {'title': 'Eurodance', 'value': 1.0}, {'title': '2-tone', 'value': 0.0}, {'title': 'Nintendocore', 'value': 0.0}, {'title': 'Nu-Disco', 'value': 0.0}, {'title': 'Nu Metal', 'value': 0.0}, {'title': 'Nu Jazz', 'value': 0.0}, {'title': 'Novelty', 'value': 0.0}, {'title': 'Norteño\u200e', 'value': 0.0}]"
103,Republic of Kosovo,6,103,6,[]
104,Armenia,6,ARM,6,"[{'title': 'Schlager', 'value': 1.0}, {'title': '2-tone', 'value': 0.0}, {'title': 'Nintendocore', 'value': 0.0}, {'title': 'Nueva canción', 'value': 0.0}, {'title': 'Nu-Disco', 'value': 0.0}, {'title': 'Nu Metal', 'value': 0.0}, {'title': 'Nu Jazz', 'value': 0.0}, {'title': 'Novelty', 'value': 0.0}, {'title': 'Norteño\u200e', 'value': 0.0}, {'title': 'Norteño', 'value': 0.0}]"
105,Uganda,6,UGA,6,"[{'title': 'Dancehall', 'value': 1.0}, {'title': 'Nintendocore', 'value': 0.0}, {'title': 'Oi-Punk', 'value': 0.0}, {'title': 'Nueva canción', 'value': 0.0}, {'title': 'Nu-Disco', 'value': 0.0}, {'title': 'Nu Metal', 'value': 0.0}, {'title': 'Nu Jazz', 'value': 0.0}, {'title': 'Novelty', 'value': 0.0}, {'title': 'Norteño\u200e', 'value': 0.0}, {'title': 'Norteño', 'value': 0.0}]"
106,Bangladesh,6,BGD,6,"[{'title': 'Folk', 'value': 1.0}, {'title': 'Hard Rock', 'value': 1.0}, {'title': '2-tone', 'value': 0.0}, {'title': 'New Wave', 'value': 0.0}, {'title': 'Nueva canción', 'value': 0.0}, {'title': 'Nu-Disco', 'value': 0.0}, {'title': 'Nu Metal', 'value': 0.0}, {'title': 'Nu Jazz', 'value': 0.0}, {'title': 'Novelty', 'value': 0.0}, {'title': 'Norteño\u200e', 'value': 0.0}]"
107,Angola,6,AGO,6,[]
108,The Bahamas,6,BHS,6,"[{'title': 'Pop', 'value': 1.0}, {'title': 'World Music', 'value': 1.0}, {'title': 'Calypso', 'value': 1.0}, {'title': '2-tone', 'value': 0.0}, {'title': 'Nu-Disco', 'value': 0.0}, {'title': 'Nu Metal', 'value': 0.0}, {'title': 'Nu Jazz', 'value': 0.0}, {'title': 'Novelty', 'value': 0.0}, {'title': 'Norteño\u200e', 'value': 0.0}, {'title': 'Norteño', 'value': 0.0}]"
109,Monaco,6,MCO,6,"[{'title': 'Singer-Songwriter', 'value': 1.0}, {'title': '2-tone', 'value': 0.0}, {'title': 'New Wave', 'value': 0.0}, {'title': 'Nueva canción', 'value': 0.0}, {'title': 'Nu-Disco', 'value': 0.0}, {'title': 'Nu Metal', 'value': 0.0}, {'title': 'Nu Jazz', 'value': 0.0}, {'title': 'Novelty', 'value': 0.0}, {'title': 'Norteño\u200e', 'value': 0.0}, {'title': 'Norteño', 'value': 0.0}]"
110,Suriname,5,SUR,5,"[{'title': 'Schlager', 'value': 1.0}, {'title': '2-tone', 'value': 0.0}, {'title': 'Nintendocore', 'value': 0.0}, {'title': 'Nueva canción', 'value': 0.0}, {'title': 'Nu-Disco', 'value': 0.0}, {'title': 'Nu Metal', 'value': 0.0}, {'title': 'Nu Jazz', 'value': 0.0}, {'title': 'Novelty', 'value': 0.0}, {'title': 'Norteño\u200e', 'value': 0.0}, {'title': 'Norteño', 'value': 0.0}]"
111,Guyana,5,GUY,5,"[{'title': '2-tone', 'value': 1.0}, {'title': 'Dance', 'value': 1.0}, {'title': 'New Wave', 'value': 0.0}, {'title': 'Nueva canción', 'value': 0.0}, {'title': 'Nu-Disco', 'value': 0.0}, {'title': 'Nu Metal', 'value': 0.0}, {'title': 'Nu Jazz', 'value': 0.0}, {'title': 'Novelty', 'value': 0.0}, {'title': 'Norteño\u200e', 'value': 0.0}, {'title': 'Norteño', 'value': 0.0}]"
112,Nicaragua,5,NIC,5,[]
113,Jordan,4,JOR,4,"[{'title': 'Drum And Bass', 'value': 1.0}, {'title': '2-tone', 'value': 0.0}, {'title': 'Nintendocore', 'value': 0.0}, {'title': 'Nueva canción', 'value': 0.0}, {'title': 'Nu-Disco', 'value': 0.0}, {'title': 'Nu Metal', 'value': 0.0}, {'title': 'Nu Jazz', 'value': 0.0}, {'title': 'Novelty', 'value': 0.0}, {'title': 'Norteño\u200e', 'value': 0.0}, {'title': 'Norteño', 'value': 0.0}]"
114,Iraq,4,IRQ,4,[]
115,Côte d'Ivoire,4,CIV,4,"[{'title': 'Reggae', 'value': 1.0}, {'title': '2-tone', 'value': 0.0}, {'title': 'Nintendocore', 'value': 0.0}, {'title': 'Nueva canción', 'value': 0.0}, {'title': 'Nu-Disco', 'value': 0.0}, {'title': 'Nu Metal', 'value': 0.0}, {'title': 'Nu Jazz', 'value': 0.0}, {'title': 'Novelty', 'value': 0.0}, {'title': 'Norteño\u200e', 'value': 0.0}, {'title': 'Norteño', 'value': 0.0}]"
116,Martinique,4,MTQ,4,"[{'title': 'Zouk', 'value': 1.0}, {'title': 'Reggae', 'value': 1.0}, {'title': 'Nintendocore', 'value': 0.0}, {'title': 'Nueva canción', 'value': 0.0}, {'title': 'Nu-Disco', 'value': 0.0}, {'title': 'Nu Metal', 'value': 0.0}, {'title': 'Nu Jazz', 'value': 0.0}, {'title': 'Novelty', 'value': 0.0}, {'title': 'Norteño\u200e', 'value': 0.0}, {'title': 'Norteño', 'value': 0.0}]"
117,Honduras,4,HND,4,[]
118,Cape Verde,4,118,4,"[{'title': 'Morna', 'value': 1.0}, {'title': 'Singer-Songwriter', 'value': 1.0}, {'title': '2-tone', 'value': 0.0}, {'title': 'New Wave', 'value': 0.0}, {'title': 'Nu-Disco', 'value': 0.0}, {'title': 'Nu Metal', 'value': 0.0}, {'title': 'Nu Jazz', 'value': 0.0}, {'title': 'Novelty', 'value': 0.0}, {'title': 'Norteño\u200e', 'value': 0.0}, {'title': 'Norteño', 'value': 0.0}]"
119,Bermuda,3,BMU,3,"[{'title': 'Alternative Rock', 'value': 1.0}, {'title': 'Reggae', 'value': 1.0}, {'title': 'Calypso', 'value': 1.0}, {'title': '2-tone', 'value': 0.0}, {'title': 'Nueva canción', 'value': 0.0}, {'title': 'Nu-Disco', 'value': 0.0}, {'title': 'Nu Metal', 'value': 0.0}, {'title': 'Nu Jazz', 'value': 0.0}, {'title': 'Novelty', 'value': 0.0}, {'title': 'Norteño\u200e', 'value': 0.0}]"
120,Nepal,3,NPL,3,[]
121,Ghana,3,GHA,3,[]
122,Zambia,3,ZMB,3,"[{'title': 'Pop', 'value': 1.0}, {'title': '2-tone', 'value': 0.0}, {'title': 'Nu-Disco', 'value': 0.0}, {'title': 'Nu Metal', 'value': 0.0}, {'title': 'Nu Jazz', 'value': 0.0}, {'title': 'Novelty', 'value': 0.0}, {'title': 'Norteño\u200e', 'value': 0.0}, {'title': 'Norteño', 'value': 0.0}, {'title': 'Noise Rock', 'value': 0.0}, {'title': 'Noise Pop', 'value': 0.0}]"
123,Bahrain,3,BHR,3,[]
124,Libya,3,LBY,3,"[{'title': 'EDM', 'value': 1.0}, {'title': 'Italian Folk', 'value': 1.0}, {'title': '2-tone', 'value': 0.0}, {'title': 'Old-time Music', 'value': 0.0}, {'title': 'Nueva canción', 'value': 0.0}, {'title': 'Nu-Disco', 'value': 0.0}, {'title': 'Nu Metal', 'value': 0.0}, {'title': 'Nu Jazz', 'value': 0.0}, {'title': 'Novelty', 'value': 0.0}, {'title': 'Norteño\u200e', 'value': 0.0}]"
125,Haiti,3,HTI,3,"[{'title': 'House', 'value': 1.0}, {'title': 'Hip Hop', 'value': 1.0}, {'title': 'Kompa', 'value': 1.0}, {'title': 'Power Pop', 'value': 0.0}, {'title': 'Power Metal', 'value': 0.0}, {'title': 'Nueva canción', 'value': 0.0}, {'title': 'Nu-Disco', 'value': 0.0}, {'title': 'Nu Metal', 'value': 0.0}, {'title': 'Nu Jazz', 'value': 0.0}, {'title': 'Novelty', 'value': 0.0}]"
126,Gibraltar,3,GIB,3,[]
127,United States Virgin Islands,3,127,3,[]
128,Zimbabwe,3,ZWE,3,[]
129,Netherlands Antilles,3,129,3,"[{'title': 'Eurodance', 'value': 1.0}, {'title': '2-tone', 'value': 0.0}, {'title': 'New Wave', 'value': 0.0}, {'title': 'Nueva canción', 'value': 0.0}, {'title': 'Nu-Disco', 'value': 0.0}, {'title': 'Nu Metal', 'value': 0.0}, {'title': 'Nu Jazz', 'value': 0.0}, {'title': 'Novelty', 'value': 0.0}, {'title': 'Norteño\u200e', 'value': 0.0}, {'title': 'Norteño', 'value': 0.0}]"
130,Réunion,3,REU,3,[]
131,Namibia,2,NAM,2,[]
132,Greenland,2,GRL,2,[]
133,Liechtenstein,2,LIE,2,"[{'title': 'Gothic Metal', 'value': 2.0}, {'title': '2-tone', 'value': 0.0}, {'title': 'Old-time Music', 'value': 0.0}, {'title': 'Nueva canción', 'value': 0.0}, {'title': 'Nu-Disco', 'value': 0.0}, {'title': 'Nu Metal', 'value': 0.0}, {'title': 'Nu Jazz', 'value': 0.0}, {'title': 'Novelty', 'value': 0.0}, {'title': 'Norteño\u200e', 'value': 0.0}, {'title': 'Norteño', 'value': 0.0}]"
134,Uzbekistan,2,UZB,2,[]
135,Grenada,2,GRD,2,[]
136,Saint Lucia,2,LCA,2,"[{'title': ""Rock 'N' Roll"", 'value': 1.0}, {'title': 'Reggae', 'value': 1.0}, {'title': '2-tone', 'value': 0.0}, {'title': 'Nintendocore', 'value': 0.0}, {'title': 'Nu-Disco', 'value': 0.0}, {'title': 'Nu Metal', 'value': 0.0}, {'title': 'Nu Jazz', 'value': 0.0}, {'title': 'Novelty', 'value': 0.0}, {'title': 'Norteño\u200e', 'value': 0.0}, {'title': 'Norteño', 'value': 0.0}]"
137,Jersey,2,JEY,2,"[{'title': 'House', 'value': 1.0}, {'title': 'New Wave', 'value': 0.0}, {'title': 'Nueva canción', 'value': 0.0}, {'title': 'Nu-Disco', 'value': 0.0}, {'title': 'Nu Metal', 'value': 0.0}, {'title': 'Nu Jazz', 'value': 0.0}, {'title': 'Novelty', 'value': 0.0}, {'title': 'Norteño\u200e', 'value': 0.0}, {'title': 'Norteño', 'value': 0.0}, {'title': 'Noise Rock', 'value': 0.0}]"
138,Madagascar,2,MDG,2,[]
139,Mozambique,2,MOZ,2,[]
140,Kazakhstan,2,KAZ,2,[]
141,Guinea,2,GIN,2,"[{'title': 'Singer-Songwriter', 'value': 1.0}, {'title': '2-tone', 'value': 0.0}, {'title': 'New Wave', 'value': 0.0}, {'title': 'Nueva canción', 'value': 0.0}, {'title': 'Nu-Disco', 'value': 0.0}, {'title': 'Nu Metal', 'value': 0.0}, {'title': 'Nu Jazz', 'value': 0.0}, {'title': 'Novelty', 'value': 0.0}, {'title': 'Norteño\u200e', 'value': 0.0}, {'title': 'Norteño', 'value': 0.0}]"
142,The Netherlands‎,2,142,2,"[{'title': 'Symphonic Rock', 'value': 1.0}, {'title': 'Progressive Rock', 'value': 1.0}, {'title': '2-tone', 'value': 0.0}, {'title': 'New Wave', 'value': 0.0}, {'title': 'Nu-Disco', 'value': 0.0}, {'title': 'Nu Metal', 'value': 0.0}, {'title': 'Nu Jazz', 'value': 0.0}, {'title': 'Novelty', 'value': 0.0}, {'title': 'Norteño\u200e', 'value': 0.0}, {'title': 'Norteño', 'value': 0.0}]"
143,Andorra,2,AND,2,"[{'title': 'Punk Rock', 'value': 1.0}, {'title': '2-tone', 'value': 0.0}, {'title': 'Nintendocore', 'value': 0.0}, {'title': 'Nueva canción', 'value': 0.0}, {'title': 'Nu-Disco', 'value': 0.0}, {'title': 'Nu Metal', 'value': 0.0}, {'title': 'Nu Jazz', 'value': 0.0}, {'title': 'Novelty', 'value': 0.0}, {'title': 'Norteño\u200e', 'value': 0.0}, {'title': 'Norteño', 'value': 0.0}]"
144,United_States,2,144,2,[]
145,Vatican City,2,VAT,2,[]
146,Republic of the Congo,2,COG,2,[]
147,Liberia,2,LBR,2,"[{'title': 'Reggae', 'value': 1.0}, {'title': '2-tone', 'value': 0.0}, {'title': 'Nintendocore', 'value': 0.0}, {'title': 'Nueva canción', 'value': 0.0}, {'title': 'Nu-Disco', 'value': 0.0}, {'title': 'Nu Metal', 'value': 0.0}, {'title': 'Nu Jazz', 'value': 0.0}, {'title': 'Novelty', 'value': 0.0}, {'title': 'Norteño\u200e', 'value': 0.0}, {'title': 'Norteño', 'value': 0.0}]"
148,Saudi Arabia,2,SAU,2,[]
149,Belize,2,BLZ,2,[]
150,Sierra Leone,2,SLE,2,[]
151,Kenya,2,KEN,2,"[{'title': 'Pop', 'value': 1.0}, {'title': '2-tone', 'value': 0.0}, {'title': 'Nu-Disco', 'value': 0.0}, {'title': 'Nu Metal', 'value': 0.0}, {'title': 'Nu Jazz', 'value': 0.0}, {'title': 'Novelty', 'value': 0.0}, {'title': 'Norteño\u200e', 'value': 0.0}, {'title': 'Norteño', 'value': 0.0}, {'title': 'Noise Rock', 'value': 0.0}, {'title': 'Noise Pop', 'value': 0.0}]"
152,Ethiopia,2,ETH,2,[]
153,Montserrat,1,MSR,1,"[{'title': 'Soca', 'value': 1.0}, {'title': 'New Wave', 'value': 0.0}, {'title': 'Nueva canción', 'value': 0.0}, {'title': 'Nu-Disco', 'value': 0.0}, {'title': 'Nu Metal', 'value': 0.0}, {'title': 'Nu Jazz', 'value': 0.0}, {'title': 'Novelty', 'value': 0.0}, {'title': 'Norteño\u200e', 'value': 0.0}, {'title': 'Norteño', 'value': 0.0}, {'title': 'Noise Rock', 'value': 0.0}]"
154,French Guiana,1,GUF,1,[]
155,Malawi,1,MWI,1,"[{'title': 'Jazz', 'value': 1.0}, {'title': '2-tone', 'value': 0.0}, {'title': 'Nintendocore', 'value': 0.0}, {'title': 'Nueva canción', 'value': 0.0}, {'title': 'Nu-Disco', 'value': 0.0}, {'title': 'Nu Metal', 'value': 0.0}, {'title': 'Nu Jazz', 'value': 0.0}, {'title': 'Novelty', 'value': 0.0}, {'title': 'Norteño\u200e', 'value': 0.0}, {'title': 'Norteño', 'value': 0.0}]"
156,United States,United States,United States,United States,"[{'title': 'Rock', 'value': 470.0}, {'title': 'Blues', 'value': 377.0}, {'title': 'Hip Hop', 'value': 316.0}, {'title': 'Pop', 'value': 305.0}, {'title': 'Alternative Rock', 'value': 299.0}, {'title': 'Country', 'value': 296.0}, {'title': 'Indie Rock', 'value': 270.0}, {'title': 'R\\u0026B', 'value': 186.0}, {'title': 'Folk', 'value': 161.0}, {'title': 'Jazz', 'value': 137.0}]"
157,Mauritius,1,MUS,1,[]
158,United Arab Emirates,1,ARE,1,[]
159,Rwanda,1,RWA,1,[]
160,Mongolia,1,MNG,1,[]
161,Sri Lanka,1,LKA,1,[]
162,Burundi,1,BDI,1,[]
163,Benin,1,BEN,1,[]
164,Multinational‎,1,164,1,"[{'title': 'Noise', 'value': 1.0}, {'title': '2-tone', 'value': 0.0}, {'title': 'New Wave', 'value': 0.0}, {'title': 'Nueva canción', 'value': 0.0}, {'title': 'Nu-Disco', 'value': 0.0}, {'title': 'Nu Metal', 'value': 0.0}, {'title': 'Nu Jazz', 'value': 0.0}, {'title': 'Novelty', 'value': 0.0}, {'title': 'Norteño\u200e', 'value': 0.0}, {'title': 'Norteño', 'value': 0.0}]"
165,Fiji,1,FJI,1,[]
166,San Marino,1,SMR,1,[]
167,Dominica,1,DMA,1,[]
168,Saint Vincent and the Grenadines,1,VCT,1,"[{'title': 'Dancehall', 'value': 1.0}, {'title': 'Nintendocore', 'value': 0.0}, {'title': 'Oi-Punk', 'value': 0.0}, {'title': 'Nueva canción', 'value': 0.0}, {'title': 'Nu-Disco', 'value': 0.0}, {'title': 'Nu Metal', 'value': 0.0}, {'title': 'Nu Jazz', 'value': 0.0}, {'title': 'Novelty', 'value': 0.0}, {'title': 'Norteño\u200e', 'value': 0.0}, {'title': 'Norteño', 'value': 0.0}]"
169,Oman,1,OMN,1,[]
170,El Salvador,1,SLV,1,[]
171,British Virgin Islands,1,VGB,1,[]
172,Czech Republic‎,1,172,1,[]
173,The Gambia,1,GMB,1,[]
174,Kyrgyzstan,1,KGZ,1,[]
